{"cameraMode":{"drawMode":0,"name":"Shaded","section":"Shading Mode"},"sceneLighting":false,"audioPlay":false,"sceneViewState":{"m_AlwaysRefresh":false,"showFog":true,"showSkybox":false,"showFlares":true,"showImageEffects":true,"showParticleSystems":true,"showVisualEffectGraphs":true,"m_FxEnabled":true},"in2DMode":false,"pivot":{"x":49.93442916870117,"y":3.7371809482574465,"z":13.545797348022461},"rotation":{"x":-0.11757244914770127,"y":-0.4857954978942871,"z":0.06613906472921372,"w":-0.8636098504066467},"size":3.4019739627838136,"orthographic":false}