{"cameraMode":{"drawMode":0,"name":"Shaded","section":"Shading Mode"},"sceneLighting":false,"audioPlay":false,"sceneViewState":{"m_AlwaysRefresh":false,"showFog":false,"showSkybox":false,"showFlares":false,"showImageEffects":false,"showParticleSystems":false,"showVisualEffectGraphs":true,"m_FxEnabled":true},"in2DMode":false,"pivot":{"x":-0.096896231174469,"y":0.33782339096069338,"z":0.013879895210266114},"rotation":{"x":0.11786267906427384,"y":-0.8743533492088318,"z":0.38926029205322268,"w":0.2651098072528839},"size":0.9646396040916443,"orthographic":false}