{"cameraMode":{"drawMode":0,"name":"Shaded","section":"Shading Mode"},"sceneLighting":true,"audioPlay":false,"sceneViewState":{"m_AlwaysRefresh":false,"showFog":true,"showSkybox":true,"showFlares":true,"showImageEffects":true,"showParticleSystems":true,"showVisualEffectGraphs":true,"m_FxEnabled":true},"in2DMode":false,"pivot":{"x":13.869913101196289,"y":-10.071322441101075,"z":-3.4762589931488039},"rotation":{"x":0.13487277925014497,"y":-0.13187304139137269,"z":0.018097013235092164,"w":0.981913149356842},"size":2.0114235877990724,"orthographic":false}