{"cameraMode":{"drawMode":0,"name":"Shaded","section":"Shading Mode"},"sceneLighting":true,"audioPlay":false,"sceneViewState":{"m_AlwaysRefresh":false,"showFog":true,"showSkybox":true,"showFlares":true,"showImageEffects":true,"showParticleSystems":true,"showVisualEffectGraphs":true,"m_FxEnabled":true},"in2DMode":false,"pivot":{"x":31.809223175048829,"y":-19.761812210083009,"z":1.1439557075500489},"rotation":{"x":0.20854100584983827,"y":0.5692296028137207,"z":-0.15200568735599519,"w":0.780691385269165},"size":10.920249938964844,"orthographic":false}