{"cameraMode":{"drawMode":0,"name":"Shaded","section":"Shading Mode"},"sceneLighting":false,"audioPlay":false,"sceneViewState":{"m_AlwaysRefresh":false,"showFog":true,"showSkybox":false,"showFlares":true,"showImageEffects":true,"showParticleSystems":true,"showVisualEffectGraphs":true,"m_FxEnabled":true},"in2DMode":false,"pivot":{"x":120.38542938232422,"y":6.685706615447998,"z":-22.657949447631837},"rotation":{"x":0.3069358766078949,"y":0.012848159298300743,"z":-0.004144229926168919,"w":0.9516386389732361},"size":0.458199679851532,"orthographic":false}